Model,CV_Folds,Mean_Accuracy,Std_Accuracy,Mean_ROC_AUC,Std_ROC_AUC,Var_ROC_AUC,Best_Fold_ROC_AUC,Worst_Fold_ROC_AUC,Mean_F1,Mean_Precision,Mean_Recall,Mean_PR_AUC
HistGradientBoosting,5,0.7619999999999999,0.013038404810405309,0.8297997439394361,0.024944557141119917,0.0006222309309665967,0.8650693568726355,0.8045415959252972,0.6818082756297859,0.7012495896706422,0.6670715249662618,0.7160748555561828
HistGradientBoosting,10,0.744,0.03627058802329455,0.8273290888511602,0.05613028458158173,0.0031506088472093513,0.9049235993208828,0.7300509337860781,0.6581133182907706,0.6771483414806877,0.6468421052631579,0.7270474444321321
Logistic Regression,5,0.79,0.02236067977499788,0.8680676312470961,0.02761091349429715,0.0007623625439895604,0.9129886506935687,0.8391341256366722,0.7408978037744178,0.7057932726329198,0.7815114709851552,0.8010041382891977
Logistic Regression,10,0.788,0.03910100879630714,0.8696417657045841,0.035301648283461294,0.001246206371529206,0.9405772495755518,0.8268251273344652,0.7354304182481333,0.7088450600266457,0.7713157894736843,0.799140049659594
Random Forest,5,0.7699999999999999,0.043011626335213174,0.8384383802527919,0.036103857743122844,0.0013034885439356513,0.8778898696931484,0.8045397225725094,0.6793764223668843,0.7312358882947119,0.6356275303643725,0.739585806317553
Random Forest,10,0.788,0.0285968141193696,0.8441505376344086,0.05847093456585804,0.0034188501890048528,0.9422750424448217,0.7633333333333333,0.704196410817803,0.764941045796309,0.6626315789473685,0.7656395794678947
SVM,5,0.776,0.016733200530681527,0.8545587950880333,0.03691185283052526,0.001362484879382356,0.8896434634974533,0.8007566204287516,0.7232428170802357,0.6878562707134135,0.7661268556005398,0.7782199608558551
SVM,10,0.78,0.04618802153517005,0.8585257498585172,0.050455344217574784,0.0025457417601139573,0.932937181663837,0.8033333333333333,0.7200782082055032,0.6998981693363844,0.7505263157894737,0.78947117260068
