Model,accuracy,precision,recall,f1,roc_auc,pr_auc,Training_Time_s,Inference_Time_s
Baseline XGBoost,0.76,0.72,0.6206896551724138,0.6666666666666666,0.815592203898051,0.6820552561487995,1.8052920999998605,0.00409869999930379
Optuna Tuned XGBoost,0.76,0.72,0.6206896551724138,0.6666666666666666,0.8553223388305847,0.753184200467869,0.07955930000025546,0.004502499999944121
