{
    "accuracy": 0.7866666666666666,
    "precision": 0.696969696969697,
    "recall": 0.7931034482758621,
    "f1_score": 0.7419354838709677,
    "roc_auc": 0.8508245877061469,
    "pr_auc": 0.7236135217908797,
    "brier_score": 0.1548525508288765,
    "metadata": {
        "git_commit": "a57bae1",
        "timestamp": "2026-07-08T19:34:05.092663Z",
        "python_version": "3.13.14",
        "sklearn_version": "1.9.0",
        "dataset_path": "src/data/clean_modelling_table.csv",
        "random_seed": 42,
        "train_samples": 425,
        "test_samples": 75
    }
}