{
    "best_single_model": {
        "0": {
            "precision": 0.9,
            "recall": 0.782608695652174,
            "f1-score": 0.8372093023255814,
            "support": 46.0
        },
        "1": {
            "precision": 0.7142857142857143,
            "recall": 0.8620689655172413,
            "f1-score": 0.78125,
            "support": 29.0
        },
        "accuracy": 0.8133333333333334,
        "macro avg": {
            "precision": 0.8071428571428572,
            "recall": 0.8223388305847077,
            "f1-score": 0.8092296511627908,
            "support": 75.0
        },
        "weighted avg": {
            "precision": 0.8281904761904761,
            "recall": 0.8133333333333334,
            "f1-score": 0.8155717054263566,
            "support": 75.0
        }
    },
    "voting_classifier": {
        "0": {
            "precision": 0.8085106382978723,
            "recall": 0.8260869565217391,
            "f1-score": 0.8172043010752689,
            "support": 46.0
        },
        "1": {
            "precision": 0.7142857142857143,
            "recall": 0.6896551724137931,
            "f1-score": 0.7017543859649122,
            "support": 29.0
        },
        "accuracy": 0.7733333333333333,
        "macro avg": {
            "precision": 0.7613981762917933,
            "recall": 0.7578710644677662,
            "f1-score": 0.7594793435200906,
            "support": 75.0
        },
        "weighted avg": {
            "precision": 0.7720770010131712,
            "recall": 0.7733333333333333,
            "f1-score": 0.7725636672325976,
            "support": 75.0
        }
    },
    "stacking_classifier": {
        "0": {
            "precision": 0.8571428571428571,
            "recall": 0.782608695652174,
            "f1-score": 0.8181818181818182,
            "support": 46.0
        },
        "1": {
            "precision": 0.696969696969697,
            "recall": 0.7931034482758621,
            "f1-score": 0.7419354838709677,
            "support": 29.0
        },
        "accuracy": 0.7866666666666666,
        "macro avg": {
            "precision": 0.777056277056277,
            "recall": 0.787856071964018,
            "f1-score": 0.7800586510263929,
            "support": 75.0
        },
        "weighted avg": {
            "precision": 0.7952092352092351,
            "recall": 0.7866666666666666,
            "f1-score": 0.7886999022482893,
            "support": 75.0
        }
    }
}