{
    "pre_serialization_probability": 0.023572901263833046,
    "post_serialization_probability": 0.023572901263833046,
    "is_identical": true,
    "status": "PASS"
}