K,WCSS,Silhouette_Score
2,3341.3151538691163,0.2318656922064183
3,2982.673712534453,0.15412155075222486
4,2737.9594405899693,0.15392926359842812
5,2596.791363732622,0.14110513569730235
6,2427.6839593855184,0.15148160627109228
7,2303.678735430661,0.14786571938437076
8,2195.964016826572,0.14199185754180857
9,2103.2049728581605,0.14004841242103888
10,2041.6745454435572,0.13760176592722748
